<wpml-config>
    <custom-types>
        <custom-type translate="1">product</custom-type>
        <custom-type translate="1">product_variation</custom-type>
        <custom-type translate="1">shop_order</custom-type>
        <custom-type translate="1">shop_order_refund</custom-type>
        <custom-type translate="1">shop_coupon</custom-type>
        <custom-type translate="1">shop_webhook</custom-type>
        <custom-type translate="1">wafs</custom-type>
        <custom-type translate="1">wpcf7_contact_form</custom-type>
        <custom-type translate="1">brands</custom-type>
        <custom-type translate="1">testimonial</custom-type>
        <custom-type translate="1">footer</custom-type>
    </custom-types>
    <taxonomies>
        <taxonomy translate="1">product_type</taxonomy>
        <taxonomy translate="1">product_cat</taxonomy>
        <taxonomy translate="1">product_tag</taxonomy>
        <taxonomy translate="1">product_shipping_class</taxonomy>
		<taxonomy translate="1">download_category</taxonomy>
        <taxonomy translate="1">download_tag</taxonomy>
    </taxonomies>
    <custom-fields>
        <custom-field action="translate">attribute_pa_color</custom-field>
        <custom-field action="translate">attribute_size</custom-field>
        <custom-field action="translate">original_post_id</custom-field>
        <custom-field action="translate">slide_template</custom-field>
        <custom-field action="translate">standard_seo_post_meta_description</custom-field>
        <custom-field action="translate">total_sales</custom-field>
        <custom-field action="translate">vc_teaser</custom-field>
        <custom-field action="translate">wpml_language</custom-field>
        <custom-field action="translate">wpml_media_processed</custom-field>
        <custom-field action="translate">wpo_pageconfig</custom-field>
        <custom-field action="translate">wpo_post</custom-field>
        <custom-field action="translate">wpo_post_views_count</custom-field>
        <custom-field action="translate">wpo_template</custom-field>
        <custom-field action="translate">_additional_settings</custom-field>
        <custom-field action="translate">_backorders</custom-field>
        <custom-field action="translate">_billing_address_1</custom-field>
        <custom-field action="translate">_billing_address_2</custom-field>
        <custom-field action="translate">_billing_city</custom-field>
        <custom-field action="translate">_billing_company</custom-field>
        <custom-field action="translate">_billing_country</custom-field>
        <custom-field action="translate">_billing_email</custom-field>
        <custom-field action="translate">_billing_first_name</custom-field>
        <custom-field action="translate">_billing_last_name</custom-field>
        <custom-field action="translate">_billing_phone</custom-field>
        <custom-field action="translate">_billing_postcode</custom-field>
        <custom-field action="translate">_billing_state</custom-field>
        <custom-field action="translate">_button_text</custom-field>
        <custom-field action="translate">_cart_discount</custom-field>
        <custom-field action="translate">_crosssell_ids</custom-field>
        <custom-field action="translate">_customer_ip_address</custom-field>
        <custom-field action="translate">_customer_user</custom-field>
        <custom-field action="translate">_customer_user_agent</custom-field>
        <custom-field action="translate">_default_attributes</custom-field>
        <custom-field action="translate">_downloadable</custom-field>
        <custom-field action="translate">_downloadable_files</custom-field>
        <custom-field action="translate">_download_expiry</custom-field>
        <custom-field action="translate">_download_limit</custom-field>
        <custom-field action="translate">_edit_last</custom-field>
        <custom-field action="translate">_edit_lock</custom-field>
        <custom-field action="translate">_featured</custom-field>
        <custom-field action="translate">_form</custom-field>
        <custom-field action="translate">_height</custom-field>
        <custom-field action="translate">_icl_lang_duplicate_of</custom-field>
        <custom-field action="translate">_length</custom-field>
        <custom-field action="translate">_locale</custom-field>
        <custom-field action="translate">_mail</custom-field>
        <custom-field action="translate">_mail_2</custom-field>
        <custom-field action="translate">_manage_stock</custom-field>
        <custom-field action="translate">_max_price_variation_id</custom-field>
        <custom-field action="translate">_max_regular_price_variation_id</custom-field>
        <custom-field action="translate">_max_sale_price_variation_id</custom-field>
        <custom-field action="translate">_max_variation_price</custom-field>
        <custom-field action="translate">_max_variation_regular_price</custom-field>
        <custom-field action="translate">_max_variation_sale_price</custom-field>
        <custom-field action="translate">_menu_item_classes</custom-field>
        <custom-field action="translate">_menu_item_menu_item_parent</custom-field>
        <custom-field action="translate">_menu_item_object</custom-field>
        <custom-field action="translate">_menu_item_object_id</custom-field>
        <custom-field action="translate">_menu_item_target</custom-field>
        <custom-field action="translate">_menu_item_type</custom-field>
        <custom-field action="translate">_menu_item_url</custom-field>
        <custom-field action="translate">_menu_item_xfn</custom-field>
        <custom-field action="translate">_messages</custom-field>
        <custom-field action="translate">_min_price_variation_id</custom-field>
        <custom-field action="translate">_min_regular_price_variation_id</custom-field>
        <custom-field action="translate">_min_sale_price_variation_id</custom-field>
        <custom-field action="translate">_min_variation_price</custom-field>
        <custom-field action="translate">_min_variation_regular_price</custom-field>
        <custom-field action="translate">_min_variation_sale_price</custom-field>
        <custom-field action="translate">_order_currency</custom-field>
        <custom-field action="translate">_order_discount</custom-field>
        <custom-field action="translate">_order_key</custom-field>
        <custom-field action="translate">_order_shipping</custom-field>
        <custom-field action="translate">_order_shipping_tax</custom-field>
        <custom-field action="translate">_order_tax</custom-field>
        <custom-field action="translate">_order_total</custom-field>
        <custom-field action="translate">_payment_method</custom-field>
        <custom-field action="translate">_payment_method_title</custom-field>
        <custom-field action="translate">_price</custom-field>
        <custom-field action="translate">_prices_include_tax</custom-field>
        <custom-field action="translate">_product_attributes</custom-field>
        <custom-field action="translate">_product_image_gallery</custom-field>
        <custom-field action="translate">_product_url</custom-field>
        <custom-field action="translate">_publicize_pending</custom-field>
        <custom-field action="translate">_purchase_note</custom-field>
        <custom-field action="translate">_recorded_coupon_usage_counts</custom-field>
        <custom-field action="translate">_recorded_sales</custom-field>
        <custom-field action="translate">_regular_price</custom-field>
        <custom-field action="translate">_sale_price</custom-field>
        <custom-field action="translate">_sale_price_dates_from</custom-field>
        <custom-field action="translate">_sale_price_dates_to</custom-field>
        <custom-field action="translate">_shipping_address_1</custom-field>
        <custom-field action="translate">_shipping_address_2</custom-field>
        <custom-field action="translate">_shipping_city</custom-field>
        <custom-field action="translate">_shipping_company</custom-field>
        <custom-field action="translate">_shipping_country</custom-field>
        <custom-field action="translate">_shipping_first_name</custom-field>
        <custom-field action="translate">_shipping_last_name</custom-field>
        <custom-field action="translate">_shipping_postcode</custom-field>
        <custom-field action="translate">_shipping_state</custom-field>
        <custom-field action="translate">_sku</custom-field>
        <custom-field action="translate">_sold_individually</custom-field>
        <custom-field action="translate">_stock</custom-field>
        <custom-field action="translate">_stock_status</custom-field>
        <custom-field action="translate">_tax_class</custom-field>
        <custom-field action="translate">_tax_status</custom-field>
        <custom-field action="translate">_thumbnail_id</custom-field>
        <custom-field action="translate">_upsell_ids</custom-field>
        <custom-field action="translate">_virtual</custom-field>
        <custom-field action="translate">_visibility</custom-field>
        <custom-field action="translate">_weight</custom-field>
        <custom-field action="translate">_width</custom-field>
		
        <custom-field action="translate">_wpb_shortcodes_custom_css</custom-field>
        <custom-field action="translate">_wpb_vc_js_interface_version</custom-field>
        <custom-field action="translate">_wpb_vc_js_status</custom-field>
        <custom-field action="translate">_wpml_media_duplicate</custom-field>
        <custom-field action="translate">_wpml_media_featured</custom-field>
        <custom-field action="translate">_wp_attached_file</custom-field>
        <custom-field action="translate">_wp_attachment_metadata</custom-field>
        <custom-field action="translate">_wp_old_slug</custom-field>
        <custom-field action="translate">_wp_page_template</custom-field>
		
		
    </custom-fields>
  <admin-texts>
      <key name="edubase">
      <key name="logo"/>
      <key name="404"/>
      <key name="copyright"/>
      <key name="layout"/>
	  <key name="skin"/>
      <key name="header"/>
      <key name="footer-style"/>
      <key name="single-layout"/>
      <key name="right-sidebar"/>
      <key name="left-sidebar"/>
      <key name="post-title"/>
      <key name="customize-theme"/>
      <key name="snippet-close-body"/>
      <key name="snippet-js-body"/>
      <key name="magemenu-menu"/>
      <key name="megamenu-is-sticky"/>
      <key name="magemenu-animation"/>
      <key name="megamenu-duration"/>
      <key name="magemenu-offcanvas-effect"/>
      <key name="magemenu-menu-vertical"/>
      <key name="woo-number-page"/>
      <key name="woo-number-product"/>
      <key name="woo-number-columns"/>
      <key name="is-quickview"/>
      <key name="is-swap-effect"/>
	  <key name="image-payment"/>
      <key name="woocommerce-archive-layout"/>
      <key name="woocommerce-archive-right-sidebar"/>
      <key name="woocommerce-archive-left-sidebar"/>
      <key name="woocommerce-single-layout"/>
      <key name="woocommerce-single-right-sidebar"/>
      <key name="woocommerce-single-left-sidebar"/>
	  <key name="wc_cartnotice_text"/>
	  <key name="woo-show-minicart"/>
    </key>
  </admin-texts>
</wpml-config>